gaussian,STA34_Cin,STA34_Cout,Kb,stochastic_ODE_z,stochastic_ODE_x
0.344000753,-41.99129729,-0.00682635,0.355407845,0.5,0.1
-0.101151954,-36.269683,-0.00468992,0.698558079,0.86636031,0.123310371
-0.271779746,-25.64143148,-0.00224607,0.886505425,1.48478075,0.110520307
-0.28834336,-19.5845342,-0.00030474,0.906384703,1.517038849,0.083316676
-1.080546121,-18.81721536,0.000527,0.765503836,1.544654929,0.056180552
-1.438570437,-15.392202,-0.00002907,0.502416266,1.557217708,0.029274043
-0.099427504,-2.886272385,-0.00189151,0.19115886,1.540703246,0.002364748
-1.137123302,14.93243205,-0.00479456,-0.135759696,1.470438833,-0.024842258
0.081038026,25.80577552,-0.00795437,-0.447947751,1.407214954,-0.051254079
1.423104388,19.65239264,-0.01041217,-0.670263859,1.420670374,-0.077536824
-0.195090499,0.120093216,-0.01144382,-0.758789516,1.436292145,-0.104125136
0.414611625,-17.28212425,-0.01068822,-0.693011393,1.454379272,-0.130996969
-0.302966831,-18.41360898,-0.00824918,-0.462721904,1.475977027,-0.158105397
-0.518059113,-3.126267709,-0.00472405,-0.106629374,1.503491148,-0.185361054
0.291279868,16.60625918,-0.00097299,0.351417623,1.542828181,-0.212560259
-0.962517064,27.56937633,0.00206146,0.832755173,1.607572843,-0.23909487
-0.90841075,28.4604525,0.00369779,1.274861369,1.724088309,-0.26287262
0.593138603,27.51211761,0.00361314,1.615073056,1.944984338,-0.27703078
-0.628789795,32.57253335,0.00200379,1.80242575,2.317822467,-0.26725287
1.286149521,42.37697708,-0.00051294,1.812725509,2.207643038,-0.244803515
-0.632614459,47.86189941,-0.00304917,1.64816283,2.353006695,-0.224729492
-0.004219878,42.01621231,-0.0046676,1.334155537,2.772766816,-0.199456829
-1.210942469,28.14557468,-0.00468607,0.907986491,2.70735736,-0.17861147
0.171423186,17.63588603,-0.00284391,0.410544868,2.712268821,-0.157030258
1.181560385,19.2804739,0.00058245,-0.097469887,2.724081828,-0.135862937
-0.192733074,31.11423619,0.00485435,-0.560317642,2.759339325,-0.115881063
-0.170576362,41.44879501,0.00902464,-0.944223046,2.889639763,-0.100801684
-0.384488191,40.9344314,0.01215485,-1.224303651,3.610762509,-0.106556954
0.512062502,30.74836943,0.01358409,-1.385109088,3.601580227,-0.13240875
0.246601533,21.10953974,0.01306726,-1.429271914,3.659278011,-0.157627299
-0.511855475,21.376095,0.01089732,-1.367642442,3.786482348,-0.178560196
-0.500137498,30.63823503,0.00787464,-1.214734097,3.939009097,-0.189927153
-1.034879042,38.6492184,0.00491116,-0.983901352,4.102999562,-0.188247027
0.465633299,36.14161608,0.0029413,-0.685100519,4.287397355,-0.172922066
-0.901634569,22.71705504,0.00263099,-0.325662235,4.495498083,-0.147704795
-1.214193969,7.423167441,0.00417233,0.089290194,4.702668207,-0.122216945
-1.062864553,-0.661337573,0.00725609,0.553197108,4.909148354,-0.106765503
0.549558644,-0.89939032,0.01111959,1.05513772,4.921923486,-0.100364749
0.435543404,-0.748080881,0.01474322,1.57247833,5.104042398,-0.099335074
0.346089335,-6.835314941,0.01713481,2.078160439,5.191455039,-0.114582015
-0.234235995,-17.27693451,0.01759663,2.538668349,5.13761498,-0.128350206
-0.627181336,-22.6229484,0.01591266,2.922288073,5.045850973,-0.136208843
-0.627078494,-15.23411237,0.01244184,3.200768121,5.227080585,-0.145229474
-0.746442014,1.908300892,0.00801298,3.352894468,5.319580233,-0.165300593
0.17162753,16.26181014,0.00369968,3.370755235,5.360530406,-0.18908958
0.507501182,16.09764029,0.00051127,3.261509731,5.438749727,-0.214857609
-1.044914071,0.871839588,-0.00086819,3.047243702,5.56112951,-0.241966516
0.925089608,-18.93212691,-0.00024352,2.760432479,5.712574445,-0.266574474
-0.570877949,-31.08655353,0.00202333,2.441877629,5.866807497,-0.283112933
-0.312383656,-32.15303101,0.00510962,2.129514287,6.015193554,-0.288088406
1.602110743,-28.31036454,0.00796504,1.853573235,6.179351226,-0.280224466
0.861662126,-26.76198333,0.00960281,1.629914052,6.420629114,-0.259215748
-0.928802313,-27.18633602,0.00937341,1.451582073,6.457839552,-0.232122375
-1.152855551,-22.12426462,0.00711862,1.294514851,6.440837979,-0.205198077
-0.001428226,-6.292946026,0.00322514,1.125037389,6.430798285,-0.178479386
-0.43438923,14.99999563,-0.00146386,0.905153839,6.426775885,-0.151888064
-0.431180183,28.37913507,-0.00585648,0.6071448,6.427609808,-0.125325679
0.901456868,23.6860221,-0.0089326,0.207986507,6.432317714,-0.09870875
0.881433904,3.503596224,-0.01001883,-0.288723518,6.440200468,-0.07197853
-1.14360448,-18.23435352,-0.00894305,-0.853540451,6.450859612,-0.045101326
-0.697190307,-28.12620951,-0.00610919,-1.438710061,6.464183522,-0.018068304
0.065097004,-23.76347308,-0.00233735,-1.981902609,6.481305264,0.009104206
-1.984364747,-13.5103603,0.00127049,-2.416679381,6.499513134,0.036373117
1.117499923,-6.656875806,0.00365825,-2.684013038,6.455232047,0.063585061
-0.10479437,-4.244280597,0.00413128,-2.743291123,6.438185551,0.090214114
0.619319682,0.144264158,0.00250321,-2.581414968,6.429190384,0.116904393
1.127721457,11.09267816,-0.00081782,-2.216902751,6.419263626,0.14341611
2.744255757,24.2042072,-0.00488717,-1.697893509,6.407653726,0.169696381
-0.378075708,28.97396907,-0.00856188,-1.09510495,6.393945161,0.195664943
0.744328986,18.78615429,-0.01079041,-0.490433841,6.378067321,0.221216661
1.236083801,-1.702586814,-0.01087632,0.035403171,6.360118429,0.246224587
1.080929957,-19.46466153,-0.00868744,0.412144365,6.340356109,0.270542749
-0.017648844,-24.21375946,-0.00470513,0.601324462,6.319209274,0.29401533
0.971775543,-17.04214488,0.00013313,0.587824811,6.297240026,0.316491374
1.402477,-7.737625589,0.0046512,0.39065195,6.275104071,0.337840161
-0.510867359,-5.469006221,0.00776548,0.055478283,6.253506499,0.357968477
-0.91397947,-10.43414379,0.00875352,-0.358599154,6.233159428,0.376837384
-0.824913453,-14.70620896,0.00747262,-0.787891574,6.214760311,0.394470966
-0.476203801,-11.46894618,0.00438143,-1.177116689,6.198982335,0.410959897
-0.286470372,-2.569903872,0.00043697,-1.48781208,6.186465505,0.426463904
0.622313413,3.086281978,-0.00317644,-1.7029206,6.177818554,0.441210104
0.75929188,-1.629359691,-0.00537898,-1.826532907,6.173630219,0.455487502
-0.218786422,-14.87922889,-0.00546256,-1.879153029,6.174484089,0.469639572
-0.5732869,-27.12251402,-0.00330207,-1.891142279,6.180976703,0.484055823
-0.396178536,-30.31085768,0.00063408,-1.890955201,6.193740159,0.499160945
1.166537386,-25.19609597,0.00538987,-1.90074538,6.213475754,0.515399123
1.918637033,-20.14799355,0.00975513,-1.929916235,6.241006699,0.533209809
0.772160557,-22.24408457,0.01260205,-1.973225732,6.277438062,0.552991656
-1.09156578,-29.76266478,0.01318613,-2.013620965,6.324627811,0.575042362
0.514156683,-33.43877505,0.01138997,-2.027944307,6.386070995,0.599462647
-0.438476457,-25.94548624,0.00769221,-1.99433918,6.469438802,0.625921203
0.42220314,-9.376692616,0.00300415,-1.899176292,6.59753606,0.652915589
-1.355619867,5.228868629,-0.00138719,-1.742313105,6.855993872,0.674012343
-1.456297106,7.920843598,-0.0043485,-1.538534277,7.68235988,0.663874151
-0.915111404,-1.371545205,-0.00515096,-1.31558777,9.93306038,0.665812162
-1.515327216,-13.56857942,-0.00366109,-1.108718372,9.902158795,0.658387822
-0.696502173,-19.4564445,-0.00039576,-0.953303688,9.914652668,0.650462716
-0.845884525,-18.03668539,0.00364635,-0.877528391,9.947439985,0.644487518
-0.228651055,-15.68646489,0.00727176,-0.895741141,10.00022841,0.642067753
0.363661292,-17.90347531,0.00941401,-1.00080079,10.09012088,0.645551649
-1.593217771,-22.04282614,0.00941806,-1.168412702,10.25477234,0.658831242
-0.149115686,-19.50520068,0.00723201,-1.363136208,10.54953276,0.68357556
-0.286222545,-5.246974121,0.00348463,-1.545310196,10.88015821,0.702941962
-2.497614078,15.34160794,-0.00100582,-1.679846939,11.10560365,0.705279656
-0.774499699,29.31026106,-0.00508987,-1.744382306,10.74250016,0.70972348
-0.455698363,26.81371627,-0.0077092,-1.734705362,10.05569592,0.72788013
-1.025019988,10.30036363,-0.00819,-1.666437172,10.06163892,0.732997353
-1.465654831,-8.538449333,-0.00644109,-1.5719286,10.05099899,0.737913797
-2.007818207,-18.92202077,-0.0029666,-1.492973912,10.02418841,0.741240758
-0.040156695,-19.33264598,0.00127306,-1.470768499,9.981535907,0.741599093
-1.175139546,-16.29100981,0.00511307,-1.535710546,9.923008044,0.737646112
0.828359298,-15.77966207,0.00749511,-1.698473112,9.847467907,0.728169293
-0.913543914,-16.52282779,0.00774925,-1.947407613,9.751394103,0.71229348
2.42762351,-12.35288075,0.0058007,-2.24322611,9.628124016,0.68999361
0.705194552,-0.470237563,0.00218547,-2.529914233,9.464513638,0.663352278
-0.844143226,13.3441853,-0.00210937,-2.743406032,9.23230419,0.639353928
0.075697615,18.54760852,-0.00593419,-2.824000887,8.876938488,0.633874387
-1.062135844,9.493258105,-0.00825549,-2.728479005,8.412492441,0.656202304
-0.276184687,-8.945609519,-0.00843729,-2.439218648,8.070614005,0.673241738
0.141226573,-24.62031712,-0.00644416,-1.96998305,7.737575414,0.666722101
1.009901396,-28.37123995,-0.00281335,-1.363304469,6.894850867,0.647341729
-0.364702035,-20.83918322,0.00148003,-0.686404971,6.031209345,0.655852904
-1.690501612,-10.36986632,0.00527641,-0.019635983,6.033182266,0.6586709
-0.569586343,-4.568018651,0.00756394,0.557378813,6.026194341,0.661275542
0.236380883,-3.64991926,0.00770996,0.977884078,6.01018713,0.662897687
0.377065165,-1.976463216,0.00569983,1.199899936,5.985170745,0.662763437
2.346331825,4.756801361,0.00209791,1.211139834,5.951122885,0.660105309
1.121891045,14.29184573,-0.00214786,1.031984166,5.907866668,0.654183781
1.980855488,19.43243902,-0.00590365,0.708800566,5.855066343,0.644336936
-0.179410128,15.54857319,-0.00818207,0.302023732,5.792635267,0.630083719
-1.132250967,6.105703499,-0.00841561,-0.126790918,5.721036492,0.611300125
0.302270002,0.193025942,-0.00659918,-0.522247719,5.641582528,0.588412099
0.551633823,4.357674076,-0.00326896,-0.843887681,5.556646352,0.562528218
-0.793161157,16.25511637,0.00060392,-1.074301829,5.469533193,0.535352815
-0.418341769,26.58154609,0.00391417,-1.217922368,5.384005169,0.508874142
0.436715115,27.66170821,0.00571754,-1.296259008,5.303569413,0.484898195
-1.321265708,20.20158935,0.00548567,-1.339684118,5.230618766,0.464683939
-0.101832973,12.53857842,0.00324596,-1.378376886,5.162807897,0.448912508
-0.467764282,12.69058587,-0.00043459,-1.434456554,5.117513513,0.438225857
-0.129064319,20.2589709,-0.00462947,-1.516589599,4.372882821,0.425117822
0.648667295,27.23155531,-0.00828522,-1.619081411,3.623470321,0.405358657
1.233663918,26.11359944,-0.01049938,-1.723910672,3.6007738,0.37975932
1.180755116,17.55429905,-0.01079192,-1.806073991,3.577794425,0.353551902
1.000332115,9.297676561,-0.00920631,-1.842310595,3.554265993,0.32686393
-0.731740706,7.931238416,-0.00632669,-1.818144887,3.52972358,0.299828988
-0.127862356,11.4170007,-0.00306882,-1.730904356,3.503501437,0.272594831
0.179411113,11.02253265,-0.00042142,-1.593562707,3.474630474,0.245339528
0.705767184,1.402561119,0.00083781,-1.432226091,3.441522113,0.218303249
-0.046954655,-13.07726589,0.00033308,-1.280504159,3.401332453,0.191851894
-1.067805327,-22.13040792,-0.00188781,-1.171751559,3.34853176,0.166634797
0.544634539,-18.78216547,-0.00521894,-1.130957674,3.273493501,0.143963757
0.348090009,-6.329278811,-0.00857713,-1.168708781,3.161943667,0.126564209
-0.258739728,4.36158906,-0.01122159,-1.278298504,2.994536082,0.119542089
0.862136966,4.583384475,-0.01245475,-1.436375681,2.778405463,0.129519446
-1.032165107,-3.822791168,-0.01198643,-1.607820493,2.773671126,0.146099346
0.51978317,-11.85919961,-0.00998135,-1.753587961,2.610690087,0.167147688
0.538975001,-12.55148647,-0.00697375,-1.8396154,1.815993911,0.184959876
-1.758653877,-8.180260942,-0.00368127,-1.844734646,1.461687629,0.158793726
-1.91958137,-7.179311093,-0.00088064,-1.765815928,1.502422833,0.131578638
1.579029646,-12.04502475,0.00075547,-1.618719319,1.549261922,0.104411297
1.070384638,-18.18406789,0.00104892,-1.435113596,1.606321816,0.077949568
-0.347903666,,,-1.255546021,1.648908782,0.053093288
0.888521548,,,-1.119048336,1.577162498,0.027292993
0.818485802,,,-1.0534205,1.577253367,0.000810703
0.74912408,,,-1.067176733,1.57818365,-0.025662878
-2.329022856,,,-1.147663191,1.583906324,-0.052081287
0.122074511,,,-1.26090913,1.623235378,-0.078078252
1.1813614,,,-1.357548284,1.914100412,-0.097913557
0.910676703,,,-1.381811264,1.902613873,-0.10525469
0.448512313,,,-1.284045401,1.807849953,-0.116515069
0.534555944,,,-1.031958407,1.822963929,-0.136390356
0.46643127,,,-0.617729748,2.305251069,-0.123650582
1.190012694,,,-0.061977507,2.274750961,-0.101934458
2.053474598,,,0.587403707,2.2165671,-0.082859061
1.079672677,,,1.262684886,2.154079468,-0.06791037
-0.759664473,,,1.886519568,2.100718633,-0.057376179
-0.677788652,,,2.38450614,2.061683179,-0.050605312
0.720980332,,,2.698840786,2.039378946,-0.046417537
1.444252211,,,2.797171313,2.035255069,-0.043359394
-0.470494593,,,2.675907963,2.050127875,-0.039847816
0.393173098,,,2.358964875,2.084223792,-0.034270507
0.225286931,,,1.894085935,2.137827531,-0.025092345
-0.035138448,,,1.339927544,2.213147962,-0.010983442
-0.213626963,,,0.76396541,2.230510092,0.007001747
-0.533065611,,,0.22481457,2.230519756,0.025075399
-0.034841767,,,-0.235516073,2.230534293,0.043149948
1.461097451,,,-0.595753762,2.230549489,0.061225462
-1.248760554,,,-0.85369436,2.230564666,0.079301944
0.664426842,,,-1.022212519,2.230573308,0.097379154
-0.191292379,,,-1.120924012,2.230579231,0.11545685
-2.248796127,,,-1.170048176,2.230583091,0.13353485
0.131892602,,,-1.183332097,2.230584642,0.151613015
2.014463331,,,-1.163742211,2.230583746,0.169691198
-0.18548065,,,-1.105308925,2.230580362,0.187769276
-0.952911795,,,-0.99011,2.230574463,0.20584708
-2.392254165,,,-0.798279281,2.230566027,0.223924425
1.022396465,,,-0.513941032,2.230555063,0.242001144
-1.212598438,,,-0.132818133,2.230541592,0.260077076
-1.046276374,,,0.334051145,2.230525632,0.278152062
-1.450583145,,,0.858981819,2.230507174,0.296225942
0.080416338,,,1.403781473,2.230486194,0.314298557
-2.069478049,,,1.924072603,2.230462622,0.332369741
-1.769602444,,,2.377285668,2.2304364,0.350439328
-0.016898054,,,2.730570535,2.230407541,0.368507147
0.034701388,,,2.968034425,2.230376066,0.386573029
1.670356765,,,3.090619214,2.230341946,0.404636804
-0.025459104,,,3.11714163,2.230305139,0.422698302
0.545770241,,,3.076534288,2.230265631,0.440757349
-1.6884369,,,2.99910566,2.230223397,0.45881377
0.491168082,,,2.909678886,2.230178379,0.476867388
-0.721023879,,,2.820821229,2.230130572,0.494918025
0.677955032,,,2.729493371,2.230079977,0.5129655
-1.287225139,,,2.617121295,2.230026565,0.531009633
-0.821607585,,,2.455167195,2.229970314,0.549050241
-1.942484218,,,2.21216466,2.2299112,0.567087141
0.03518573,,,1.863124556,2.229849227,0.585120147
-1.847642715,,,1.398707568,2.229784367,0.603149076
-0.589588837,,,0.830214614,2.229716559,0.621173737
0.199589144,,,0.192844164,2.22964573,0.639193938
0.410676024,,,-0.459015655,2.2295718,0.657209482
0.281911782,,,-1.059642171,2.229494688,0.675220166
0.230712071,,,-1.544244063,2.22941429,0.69322578
1.482591772,,,-1.860009326,2.229330524,0.711226109
-1.344990727,,,-1.97662392,2.22924332,0.729220933
1.097769365,,,-1.893473404,2.229152653,0.747210029
-0.610528582,,,-1.638527529,2.229058552,0.765193171
-0.83083961,,,-1.266022667,2.228961018,0.783170138
-0.278493646,,,-0.846348093,2.228859999,0.801140704
-0.596702131,,,-0.454001091,2.228755419,0.819104641
0.13765974,,,-0.155974042,2.228647275,0.837061717
-0.084430926,,,0.001281348,2.228535613,0.855011701
0.715757192,,,-0.000267105,2.228420516,0.872954368
1.61037871,,,-0.150046235,2.2283018,0.890889485
-0.480327694,,,-0.410532896,2.228179831,0.908816831
2.610752489,,,-0.730184488,2.228054894,0.9267362
-0.31642024,,,-1.054068768,2.227926457,0.944647377
0.351044923,,,-1.334280428,2.227794918,0.962550153
0.121137667,,,-1.538612079,2.227660275,0.98044432
1.180517874,,,-1.655880115,2.22752255,0.998329674
0.065476586,,,-1.692955934,2.227381829,1.016206018
-1.380952825,,,-1.67433945,2.227238317,1.034073159
-0.065043836,,,-1.628865006,2.227091968,1.051930911
-0.300844381,,,-1.585146423,2.226943422,1.069779109
0.76514611,,,-1.56216547,2.226792236,1.087617588
-1.324517197,,,-1.565667047,2.226638921,1.105446194
1.199256485,,,-1.585170718,2.226483597,1.123264787
0.492748621,,,-1.598940815,2.226326177,1.141073227
0.788072323,,,-1.579906227,2.226166996,1.158871389
-0.38375288,,,-1.503726257,2.226006034,1.17665915
1.013413856,,,-1.356745097,2.225843674,1.194436405
-0.422929778,,,-1.139941643,2.225680609,1.212203079
-1.973781923,,,-0.871967972,2.225517434,1.229959141
0.153633605,,,-0.585772269,2.225354792,1.247704598
0.452946382,,,-0.32353491,2.225193325,1.265439501
0.045871905,,,-0.127279498,2.225033712,1.283163943
0.174104494,,,-0.030854678,2.224876685,1.300878065
1.215099718,,,-0.051624296,2.224723018,1.318582057
1.136811863,,,-0.18615829,2.224573546,1.33627616
2.005738842,,,-0.409486835,2.224429119,1.353960671
0.424344579,,,-0.681746743,2.224290626,1.371635945
0.323820647,,,-0.95715349,2.224158987,1.389302395
-0.949210099,,,-1.192045884,2.224035143,1.406960497
1.142245064,,,-1.355114602,2.223920085,1.42461079
-1.763496671,,,-1.433402372,2.223814851,1.442253879
1.023980857,,,-1.434783101,2.223720539,1.45989044
-1.740427902,,,-1.385898686,2.223638314,1.477521223
1.442970193,,,-1.324601818,2.223569364,1.495147057
1.012190587,,,-1.290039136,2.223514959,1.51276885
-1.22011231,,,-1.311858611,2.223476446,1.530387596
-1.094823244,,,-1.402553716,2.223455234,1.548004371
1.866199744,,,-1.551988048,2.223452832,1.565620351
-2.382601509,,,-1.727255765,2.223470918,1.583236831
0.714869176,,,-1.878052042,2.22351138,1.600855219
-1.453043016,,,-1.946886822,2.223576298,1.618477047
0.055547689,,,-1.879761099,2.22366796,1.636103985
-2.425656701,,,-1.639572251,2.223788849,1.653737858
0.04950199,,,-1.214978633,2.22394165,1.671380662
0.335452494,,,-0.625247094,2.224129237,1.689034573
1.305735242,,,0.080782727,2.224354679,1.706701955
-0.583685508,,,0.831111212,2.224621204,1.724385378
-0.380777138,,,1.542582677,2.224932212,1.742087618
0.811437529,,,2.135234112,2.225291267,1.759811676
-1.556913419,,,2.544566513,2.225702097,1.777560779
-0.30588213,,,2.733458953,2.226168587,1.795338392
1.508035361,,,2.696660829,2.226694767,1.813148225
-1.614509477,,,2.459726344,2.227284802,1.83099424
-0.21037348,,,2.072655475,2.227943019,1.848880652
-0.453787227,,,1.598640244,2.228673925,1.866811942
0.853260761,,,1.101393584,2.229482197,1.884792859
-1.714117484,,,0.635128881,2.230372668,1.902828429
-1.844264889,,,0.236960946,2.231350351,1.920923954
-0.770473048,,,-0.0785245,2.232420448,1.939085022
-0.658601557,,,-0.317165121,2.233588344,1.957317508
-0.216170466,,,-0.502235493,2.234859615,1.975627578
0.029874788,,,-0.659386752,2.236240037,1.994021687
-0.516435212,,,-0.810506406,2.237735561,2.012506583
-0.152910504,,,-0.963723523,2.239352361,2.031089306
0.121752678,,,-1.110943939,2.241096843,2.049777183
1.438558856,,,-1.228124319,2.242975649,2.068577828
1.615323636,,,-1.280351094,2.244995626,2.087499137
-0.735633743,,,-1.231081535,2.247163842,2.106549278
0.368797131,,,-1.051846146,2.249487554,2.12573668
-1.018389714,,,-0.73145415,2.25197422,2.145070015
0.716275765,,,-0.280256869,2.254631512,2.164558184
-1.269654614,,,0.269027203,2.257467306,2.184210293
0.083331536,,,0.863517618,2.260489714,2.204035627
1.33383883,,,1.438669176,2.263707095,2.224043626
-0.882831351,,,1.934166113,2.267128108,2.244243848
0.679011781,,,2.301452615,2.270761669,2.264645938
0.116419205,,,2.51315082,2.274616995,2.285259583
-1.149370325,,,2.566631492,2.27870364,2.306094468
0.159456583,,,2.484377126,2.283031542,2.327160219
-0.702578822,,,2.307383135,2.287611135,2.348466351
-0.869019465,,,2.085058955,2.292453512,2.370022209
-0.093375556,,,1.862322687,2.297570524,2.391836901
-0.176893819,,,1.669549487,2.302974667,2.413919225
0.317916617,,,1.517597353,2.308679089,2.436277577
0.685261572,,,1.395638281,2.314697698,2.458919843
-1.203460314,,,1.275276922,2.321045244,2.481853276
-1.054859104,,,1.117058771,2.327737447,2.505084362
-0.728004376,,,0.883829884,2.334791077,2.528618662
0.336667962,,,0.551714904,2.342224178,2.552460642
-0.737169742,,,0.118182106,2.350056299,2.576613475
0.045748482,,,-0.392494623,2.358308696,2.601078815
0.199051665,,,-0.932585546,2.367004456,2.625856537
-1.611920686,,,-1.436838851,2.376168989,2.650944449
0.576691907,,,-1.831848675,2.38583026,2.676337937
-2.035456391,,,-2.0521888,2.396019137,2.702029571
1.157550706,,,-2.051614088,2.406769808,2.728008638
1.436836001,,,-1.812898193,2.418120337,2.754260594
-0.269174547,,,-1.353109414,2.430113883,2.78076642
-0.220400232,,,-0.721267721,2.442801217,2.807501877
-1.269255282,,,0.009199849,2.456243212,2.834436657
-1.612888611,,,0.753298611,2.470514274,2.861533262
-1.233578926,,,1.430149244,2.485706237,2.888745714
1.047122923,,,1.972496248,2.501934047,2.916017616
0.071386785,,,2.340793971,2.519344046,2.943279474
0.197923184,,,2.528719817,2.538123807,2.970445473
0.478143251,,,2.560207175,2.558515691,2.997408975
1.932915728,,,2.482111053,2.580837354,3.024035695
-0.461202775,,,2.354529987,2.605510966,3.050153808
0.60269687,,,2.23657464,2.633104114,3.075540165
1.61104569,,,2.174138664,2.664392502,3.09989913
0.023681115,,,2.189630805,2.700457856,3.122829478
0.683263751,,,2.282824006,2.742827889,3.14377663
-1.774200355,,,2.432683096,2.793634711,3.161962968
-0.126562969,,,2.603719898,2.855780937,3.176294946
-0.237211895,,,2.755343505,2.933104292,3.185274532
-0.788272358,,,2.853849536,3.030513956,3.186995048
-0.726121779,,,2.880099891,3.153589463,3.179457309
-1.357755763,,,2.833013168,3.303986332,3.161795219
-0.148180422,,,2.729937294,3.468066932,3.136527131
0.35514271,,,2.602321534,3.615481538,3.109751867
-0.030419956,,,2.487627806,3.720647338,3.086473025
0.301112689,,,2.418175088,3.779515713,3.06742431
-1.454431646,,,2.413386412,3.80968039,3.051099962
-0.148677238,,,2.472729916,3.848038872,3.036938101
0.237695641,,,2.575347124,3.950164968,3.027815722
-1.377331951,,,2.683897689,4.18958328,3.032370876
-1.485562392,,,2.753201748,4.655251615,3.056048
0.707931477,,,2.736388287,5.405937757,3.055964194
0.146651476,,,2.598352966,6.690142065,3.054004226
0.486934053,,,2.325667707,8.203132589,3.048449201
1.33662479,,,1.930090027,3.907019278,3.050927478
-0.793300341,,,1.44833505,3.622146918,3.033041819
0.919454093,,,0.932185796,3.350196242,3.006607192
0.251277971,,,0.435931228,3.074073711,2.990207714
0.444236679,,,0.012441707,2.79228115,2.995716758
0.801376736,,,-0.297337927,2.528047386,3.019064892
0.69924875,,,-0.479379423,2.328918072,3.045064933
0.918943947,,,-0.544734245,2.26172409,3.066097473
-0.629133161,,,-0.525999832,2.410288389,3.088632126
0.198213305,,,-0.468287061,2.886038637,3.111903945
1.722773139,,,-0.418330668,3.906573802,3.097361407
-0.658520241,,,-0.414019168,6.727684813,3.103660215
-1.078715224,,,-0.470345223,7.019880903,3.108185648
0.803613392,,,-0.57515436,7.223935288,3.097848475
-0.384716482,,,-0.691916698,7.357400461,3.076008837
-0.900928853,,,-0.766251704,7.360681194,3.050877526
0.957657846,,,-0.741599472,7.145075247,3.030468647
-0.977263353,,,-0.56751421,6.557283068,3.038057592
0.231168332,,,-0.216627969,5.033317354,3.038998386
-0.431365417,,,0.305603204,5.268107647,3.029349803
2.705628451,,,0.959001913,4.304339799,3.037044586
-0.62530341,,,1.675055714,1.91696674,3.037648787
0.73823366,,,2.363987571,-1.357677382,3.050266259
0.76258412,,,2.931735619,-0.825123082,3.057982908
-0.887101714,,,3.296403817,-0.110615971,3.036082187
-0.115910681,,,3.402517028,0.869842534,3.051837638
0.101031535,,,3.232903491,2.147958294,3.039841066
1.933854672,,,2.810356549,3.278198861,3.051007991
-0.450995546,,,2.189518296,4.675227308,3.045797857
1.219110936,,,1.445359738,7.700636864,3.046136895
0.184965369,,,0.658903641,7.513392498,3.020759437
0.717504533,,,-0.090195862,7.313486053,2.994870956
0.790810381,,,-0.749946193,7.075463906,2.979280883
0.159978373,,,-1.282619427,6.773614616,2.984930703
-0.175487648,,,-1.68557571,6.393927729,3.009593145
0.43900364,,,-1.978380243,5.943603081,3.022696271
-1.68470658,,,-2.19238943,5.37215779,3.00241484
-0.25715096,,,-2.368894329,4.316499749,3.005424171
0.336413471,,,-2.53515651,2.455950025,3.015082823
-0.109240242,,,-2.706215517,2.943431177,3.035714493
-0.017903907,,,-2.877782882,3.67347586,3.019008066
-0.22989714,,,-3.029367262,4.720979277,3.027187883
-0.174745012,,,-3.132329228,6.05053059,3.01700823
-0.725132345,,,-3.148884407,6.893772005,3.029376703
2.73808119,,,-3.057974219,4.651751457,3.040937791
-2.224378638,,,-2.832766419,3.841127636,3.058109141
1.075542531,,,-2.471706326,1.568105519,3.0523792
1.001410934,,,-1.993578076,4.515699291,3.04997083
-0.513596656,,,-1.432790653,4.037656026,3.05089179
-2.511655525,,,-0.833325878,4.211707374,3.0610037
0.297345657,,,-0.248275887,4.419345004,3.083263961
1.3259933,,,0.294240438,4.674941106,3.109581649
-0.021060295,,,0.737381334,4.989693776,3.123144971
0.049066382,,,1.051489323,5.37586648,3.10969544
-1.543891659,,,1.241764037,5.851740229,3.086258834
0.384905179,,,1.323006927,6.330007937,3.093995859
-1.982506886,,,1.312246107,6.13271962,3.11816835
0.740988648,,,1.267777871,5.204361867,3.106622457
0.951430253,,,,6.643186278,3.105246262
-0.382200178,,,,5.969965264,3.107758234
0.908481922,,,,6.279425304,3.117661356
-1.466447161,,,,6.594728724,3.14333479
2.044723817,,,,6.886940445,3.16227221
-0.021859203,,,,7.099900015,3.161963891
-0.983938778,,,,7.136896678,3.150517993
0.696844023,,,,6.870788592,3.147566845
-0.688769981,,,,6.131672318,3.168895242
-0.701640812,,,,4.60903988,3.16546407
-0.813076923,,,,6.691846919,3.174423047
-1.161838934,,,,6.619807942,3.198421426
-0.709246934,,,,6.540932898,3.224754867
0.050068054,,,,6.456819359,3.251952729
-1.445948214,,,,6.371136909,3.2781661
1.97425882,,,,6.28752628,3.301540586
0.646668664,,,,6.20730603,3.320605001
-0.02144448,,,,6.128842514,3.334308866
0.152731792,,,,6.047396414,3.341781402
0.030954555,,,,5.954927519,3.341992561
-0.276494838,,,,5.839953751,3.333606381
-0.939387,,,,5.68659505,3.315578849
1.495371095,,,,5.471302891,3.289781816
-1.685941711,,,,5.159416935,3.26742108
1.499143043,,,,4.706939237,3.271579274
-0.696802322,,,,4.116332726,3.294351961
-2.570072268,,,,3.580628662,3.281808872
0.688778017,,,,3.693002797,3.255131698
0.169270139,,,,5.542513249,3.256472544
-0.320693283,,,,6.439165824,3.271956544
-0.105529215,,,,6.48672436,3.299026491
-1.051994418,,,,6.537449408,3.32625814
-0.431778085,,,,6.596296602,3.352908816
-0.01014615,,,,6.668086398,3.37785237
-0.475217823,,,,6.757397732,3.399273335
1.00987161,,,,6.868497935,3.414468252
1.399350573,,,,7.005281599,3.41999551
-0.071455213,,,,7.167340892,3.412919371
-0.317819899,,,,7.341409888,3.393607199
-0.99158993,,,,7.497742584,3.367385461
0.962150937,,,,7.599213895,3.34062031
0.35204251,,,,7.614258201,3.315109355
-0.822322813,,,,7.515421862,3.288708023
-0.721764102,,,,7.260891386,3.263348269
-0.051660116,,,,6.758512257,3.260503624
0.790150174,,,,5.942931612,3.27925987
-0.058272594,,,,5.247273305,3.257590285
0.315911564,,,,5.565237284,3.236643671
-0.744711662,,,,6.674244745,3.241914562
-0.943905352,,,,5.960768353,3.259516694
-1.15981485,,,,7.032932589,3.250014217
0.736953727,,,,7.734433892,3.229742129
-0.184212683,,,,8.637496978,3.238809638
-0.810596925,,,,10.00861379,3.231390968
-1.05956403,,,,10.82234257,3.250152481
-0.615494947,,,,9.940149954,3.254387359
1.320690131,,,,9.922907232,3.248550905
0.186165456,,,,9.907540439,3.2413584
-0.328842219,,,,9.893782609,3.232972155
-0.320595317,,,,9.881575792,3.223534332
0.277952536,,,,9.870982081,3.213185753
-0.716530905,,,,9.862073603,3.202068393
-0.335460286,,,,9.855000749,3.190328241
0.096734857,,,,9.84990232,3.178118402
0.97543667,,,,9.846906119,3.165599169
-0.433726414,,,,9.846128459,3.15293618
1.552632294,,,,9.84767086,3.140302119
-1.020671313,,,,9.851620756,3.127876351
0.745476939,,,,9.858047697,3.115846727
0.298661257,,,,9.867000637,3.104410869
0.860938909,,,,9.87850671,3.093776751
-0.704931826,,,,9.892575442,3.084160693
0.186620756,,,,9.909200529,3.075786545
-0.041358773,,,,9.928362546,3.068884412
0.248715178,,,,9.950034453,3.063688052
0.464185179,,,,9.97418967,3.060431002
0.229237267,,,,10.0008121,3.059341802
0.292160437,,,,10.02990798,3.060638376
-0.499014133,,,,10.06151753,3.064522488
,,,,10.09573311,3.071171109
,,,,10.13271812,3.080727491
,,,,10.17272824,3.093291119
,,,,10.21614143,3.108903466
,,,,10.26350166,3.12752633
,,,,10.31550737,3.149007722
,,,,10.37293474,3.173030326
,,,,10.43647406,3.199038314
,,,,10.50651665,3.226151421
,,,,10.58306148,3.253109117
,,,,10.66574424,3.278277944
,,,,10.75375718,3.299800544
,,,,10.84693191,3.31578702
,,,,10.94657711,3.324499669
,,,,11.05559717,3.324492802
,,,,11.17856242,3.314862269
,,,,11.32191112,3.295850978
,,,,11.49516895,3.270091282
,,,,11.7140703,3.244650192
,,,,12.00329574,3.232790276
,,,,12.39383789,3.247055294
,,,,12.9811664,3.267758977
,,,,13.97193707,3.250744985
,,,,15.01057464,3.266911977
,,,,14.31045967,3.277611155
,,,,14.82297031,3.301906359
,,,,16.01043205,3.290565064
,,,,17.64033609,3.28790911
,,,,17.67493883,3.264075035
,,,,17.66652884,3.240776506
,,,,17.62195083,3.216380733
,,,,17.54741713,3.190175381
,,,,17.44761176,3.16300775
,,,,17.32531119,3.137545132
,,,,17.18163337,3.118103547
,,,,17.01748598,3.109667045
,,,,16.83683179,3.115687602
,,,,16.65116859,3.135082716
,,,,16.47974537,3.161501195
,,,,16.33522199,3.187349078
,,,,16.21429752,3.20785638
,,,,16.11811639,3.221216181
,,,,16.07242563,3.228751569
,,,,16.13535787,3.236467523
,,,,16.39209513,3.254903239
,,,,16.86431976,3.278148502
,,,,16.80854504,3.279306714
,,,,14.14973569,3.29155377
,,,,14.06843013,3.300430678
,,,,14.02077482,3.304034748
,,,,13.99610248,3.304619708
,,,,13.9866637,3.303792724
,,,,13.9871596,3.302617845
,,,,13.99402405,3.301776723
,,,,14.00480663,3.301706493
,,,,14.01787178,3.302667322
,,,,14.03219055,3.304804245
,,,,14.04742211,3.308199361
,,,,14.06385468,3.312931563
,,,,14.08205617,3.319113307
,,,,14.10227503,3.326886813
,,,,14.12345899,3.336355667
,,,,14.14176473,3.347429944
,,,,14.14834925,3.359549803
,,,,14.1260333,3.371206895
,,,,14.04373254,3.378933044
,,,,13.84760671,3.375421671
,,,,13.46438371,3.353522193
,,,,12.93623555,3.338698297
,,,,11.8351515,3.35509413
,,,,11.05972396,3.356914731
,,,,11.99690869,3.339423434
,,,,11.934892,3.333997122
,,,,11.87002486,3.325517082
,,,,11.84208313,3.313377153
,,,,11.84659772,3.300369743
,,,,11.88009562,3.288845561
,,,,11.93898178,3.281046086
,,,,12.01953886,3.279132363
,,,,12.11831181,3.284852312
,,,,12.23302437,3.298981897
,,,,12.3644066,3.320750297
,,,,12.51906728,3.347271299
,,,,12.7151328,3.372468274
,,,,12.993933,3.384835994
,,,,13.39708057,3.370780661
,,,,13.74116965,3.346182755
,,,,12.86531344,3.32644655
,,,,11.20773529,3.320012926
,,,,11.31886922,3.300148291
,,,,11.45889931,3.274816077
,,,,11.65539768,3.248313314
,,,,11.94419941,3.232205197
,,,,12.3452993,3.242674229
,,,,12.86087162,3.266032754
,,,,13.60771929,3.254685109
,,,,14.37713765,3.267188705
,,,,14.70835237,3.292999172
,,,,14.99016271,3.304442176
,,,,15.05721373,3.299861574
,,,,14.54058783,3.309371592
,,,,12.53929791,3.311769756
,,,,11.36921326,3.295203324
,,,,11.5796542,3.268525187
,,,,11.80662793,3.246587307
,,,,12.0279832,3.239761457
,,,,12.26320228,3.251269301
,,,,12.593227,3.276419858
,,,,13.1570537,3.287518544
,,,,14.18349035,3.271992587
,,,,16.82308377,3.280352476
,,,,15.53075722,3.266318471
,,,,16.11148915,3.245712692
,,,,16.12461433,3.262587534
,,,,15.14238306,3.253179029
,,,,16.93130601,3.247100662
,,,,16.49777374,3.267165929
,,,,16.33699087,3.292190981
,,,,16.87389852,3.31631982
,,,,16.84166891,3.331741841
,,,,17.15901902,3.33323234
,,,,17.81367737,3.310838966
,,,,19.04124984,3.322656157
,,,,23.74594709,3.313755726
,,,,23.83611449,3.297505596
,,,,23.87540774,3.285824738
,,,,23.88448771,3.275926205
,,,,23.8762068,3.265997113
,,,,23.85706679,3.254957513
,,,,23.82941266,3.24211547
,,,,23.79290588,3.226931776
,,,,23.74516021,3.208916218
,,,,23.68150556,3.187660527
,,,,23.59918917,3.163103943
,,,,23.51685219,3.136324008
,,,,23.48915794,3.109055292
,,,,23.62054955,3.082148659
,,,,24.45327965,3.078157066
,,,,25.76861402,3.072380665
,,,,25.49360764,3.048655538
,,,,24.90888379,3.032306276
,,,,23.83989428,3.047410043
,,,,23.18643871,3.025399495
,,,,22.4437319,3.027640551
,,,,20.22917033,3.039465477
,,,,20.27331585,3.058771316
,,,,20.32667656,3.080769259
,,,,20.39315928,3.105354619
,,,,20.4816158,3.13198111
,,,,20.60815757,3.158851891
,,,,20.78947239,3.180932205
,,,,21.03725397,3.188594106
,,,,21.37078591,3.173563194
,,,,21.83251365,3.149395905
,,,,23.01207203,3.160060893
,,,,23.63485419,3.166280899
,,,,21.37910403,3.161601865
,,,,19.97238126,3.171990198
,,,,19.33325612,3.15053177
,,,,19.2339227,3.129452478
,,,,19.16244442,3.113840952
,,,,19.15685234,3.101280787
,,,,19.26186693,3.085447361
,,,,19.50901591,3.060925969
,,,,19.8477228,3.038812557
,,,,20.10921767,3.038348332
,,,,20.03434659,3.047864244
,,,,19.04480129,3.033203414
,,,,17.36561596,3.022819081
,,,,17.26182058,2.99822904
,,,,16.09716403,3.003314111
,,,,15.96344019,3.005398578
,,,,15.87535953,2.998398724
,,,,15.80417061,2.985210436
,,,,15.73768506,2.967257166
,,,,15.66956234,2.94543147
,,,,15.5947038,2.920556524
,,,,15.50731131,2.893736156
,,,,15.39966756,2.866857842
,,,,15.26538105,2.843289208
,,,,15.05477558,2.829748361
,,,,14.73313657,2.837531331
,,,,14.29951029,2.862674816
,,,,13.66842645,2.863704437
,,,,12.27215882,2.859288563
,,,,13.15695132,2.856621447
,,,,13.3298422,2.838563725
,,,,13.65836702,2.81254725
,,,,14.27966708,2.807799876
,,,,15.2611019,2.82031003
,,,,15.81048316,2.798917795
,,,,15.11579853,2.777463686
,,,,13.7282549,2.787394423
,,,,11.66869213,2.784554816
,,,,9.362660307,2.765933797
,,,,9.605780287,2.739345621
,,,,9.823352406,2.718635759
,,,,9.978669718,2.71094485
,,,,10.01916075,2.71192278
,,,,9.863445429,2.70870978
,,,,9.388112794,2.687010569
,,,,8.368324622,2.690008349
,,,,7.40873198,2.678877119
,,,,8.246345721,2.674954246
,,,,8.102782161,2.689154068
,,,,7.939850161,2.691132293
,,,,7.741989348,2.678575159
,,,,7.465973438,2.653811226
,,,,6.997143051,2.635836396
,,,,6.11906284,2.654142182
,,,,7.98678381,2.654449829
,,,,8.056538603,2.656265938
,,,,8.137857045,2.664308745
,,,,8.257376757,2.679741914
,,,,8.470073579,2.703677336
,,,,8.895132257,2.725932537
,,,,9.664296573,2.711883754
,,,,9.326809588,2.685850884
,,,,8.89222436,2.67635786
,,,,8.328461876,2.698666096
,,,,8.012035827,2.710955618
,,,,8.415294598,2.713333563
,,,,9.225844326,2.704409485
,,,,9.365514595,2.68258254
,,,,9.474812568,2.656246795
,,,,9.580767524,2.629185808
,,,,9.736027491,2.605180551
,,,,10.00783934,2.593843745
,,,,10.44324367,2.609375384
,,,,11.18399486,2.623945844
,,,,12.47209311,2.619395147
,,,,10.76801733,2.635959142
,,,,12.17526128,2.62717451
,,,,10.98342399,2.627145323
,,,,11.12833246,2.625470634
,,,,11.94692649,2.606286477
,,,,10.97294782,2.603168701
,,,,11.03497104,2.602820985
,,,,11.09578452,2.597261535
,,,,11.15680781,2.586744106
,,,,11.22034488,2.571559329
,,,,11.28795703,2.55207948
,,,,11.35962965,2.528937946
,,,,11.43593226,2.503127978
,,,,11.51843075,2.475998623
,,,,11.60860396,2.449338018
,,,,11.7057106,2.425387677
,,,,11.8059609,2.40652765
,,,,11.90425157,2.394615377
,,,,11.99578945,2.390430702
,,,,12.07629004,2.393598941
,,,,12.14097539,2.402838062
,,,,12.18477075,2.416330066
,,,,12.20284922,2.432093942
,,,,12.19115979,2.448098144
,,,,12.14872824,2.462151637
,,,,12.07860866,2.471837676
,,,,11.98815148,2.474795229
,,,,11.88931134,2.469607708
,,,,11.79811675,2.456678394
,,,,11.73467868,2.438231805
,,,,11.72373842,2.417417994
,,,,11.79893616,2.398280229
,,,,12.00600943,2.389450696
,,,,12.27872711,2.400664095
,,,,12.61879748,2.426185808
,,,,13.19322387,2.435155404
,,,,14.10798583,2.417453637
,,,,16.13691285,2.422648273
,,,,16.87727187,2.416384813
,,,,14.58993617,2.424031265
,,,,10.47254863,2.440311774
,,,,10.60277599,2.467215022
,,,,10.74781905,2.490361899
,,,,10.92666645,2.503779594
,,,,11.14663155,2.501020106
,,,,11.39988286,2.480964384
,,,,11.60240435,2.454156253
,,,,11.63912232,2.429457406
,,,,11.41324723,2.403128255
,,,,10.79306025,2.392716435
,,,,10.60231836,2.416445238
,,,,11.76152683,2.405138095
,,,,11.75511584,2.386372629
,,,,11.74537932,2.367117748
,,,,11.73080075,2.347147906
,,,,11.70998323,2.326184861
,,,,11.68151573,2.303945986
,,,,11.64363002,2.280200766
,,,,11.59362447,2.254859047
,,,,11.5271733,2.228147221
,,,,11.43917045,2.200986854
,,,,11.32409328,2.175632829
,,,,11.17582215,2.156334841
,,,,10.99446958,2.149087187
,,,,10.83719087,2.156664598
,,,,10.83562738,2.171567708
,,,,11.18952646,2.17380485
,,,,13.21500819,2.160588619
,,,,12.8549519,2.154657318
,,,,11.93484308,2.172927595
,,,,11.18463461,2.152982546
,,,,10.63542848,2.157726981
,,,,9.858023774,2.1728202
,,,,8.982263368,2.153607947
,,,,7.910590524,2.169254618
,,,,6.631436446,2.157063026
,,,,2.697794529,2.160408111
,,,,3.733456302,2.150098945
,,,,3.52488231,2.125204687
,,,,3.447189653,2.098112404
,,,,3.615481791,2.071164714
,,,,4.215022476,2.061797714
,,,,5.411841944,2.072025417
,,,,6.169194365,2.074266418
,,,,6.067118544,2.084158515
,,,,5.960777363,2.085374558
,,,,5.852048018,2.077517031
,,,,5.742033115,2.06136347
,,,,5.630528026,2.038745277
,,,,5.515765137,2.012332009
,,,,5.394268678,1.98547878
,,,,5.260712665,1.962223144
,,,,5.107837084,1.947297496
,,,,4.927453356,1.945578772
,,,,4.714366328,1.95965775
,,,,4.474042987,1.985099715
,,,,4.225294531,2.008770186
,,,,3.98630708,2.017360072
,,,,3.758892198,2.006908485
,,,,3.528313567,1.982937154
,,,,3.267531641,1.957657779
,,,,2.941613458,1.948730832
,,,,2.548549517,1.966836638
,,,,2.091236869,1.988305157
,,,,1.389722861,1.974246812
,,,,-0.236560094,1.977784435
,,,,-1.137863166,1.977055161
,,,,-1.216187353,1.991393412
,,,,-1.298342786,2.011041093
,,,,-1.385234774,2.034921639
,,,,-1.478060658,2.061470361
,,,,-1.577993542,2.088539192
,,,,-1.686528668,2.113406338
,,,,-1.805694583,2.132879968
,,,,-1.938407236,2.143581999
,,,,-2.089237355,2.142565254
,,,,-2.26555491,2.128507245
,,,,-2.477385629,2.104000886
,,,,-2.735969318,2.078815341
,,,,-3.053743635,2.069883141
,,,,-3.450543723,2.087613206
,,,,-3.970767519,2.107492363
,,,,-4.782163395,2.089724364
,,,,-5.563278751,2.105951359
,,,,-2.240485766,2.103788594
,,,,-1.995215232,2.094126963
,,,,-1.733694453,2.104865594
,,,,-1.40019555,2.130166769
,,,,-0.879047736,2.142106572
,,,,0.035119158,2.123223706
,,,,1.949756732,2.127342326
,,,,4.82063562,2.137896812
,,,,4.989539874,2.146182337
,,,,5.22213935,2.137963522
,,,,5.506067073,2.113997061
,,,,5.769338327,2.0900558
,,,,6.013134335,2.081009118
,,,,6.351516098,2.094017411
,,,,7.05411329,2.113849299
,,,,7.350293856,2.090386096
,,,,6.97207109,2.077467885
,,,,6.469354561,2.095606029
,,,,5.80601376,2.105935758
,,,,4.931471347,2.087059826
,,,,2.812407415,2.092214043
,,,,3.605498955,2.072532889
,,,,3.618989478,2.046973962
,,,,3.615468769,2.021567064
,,,,3.595052688,1.995812748
,,,,3.557963297,1.969363304
,,,,3.504185273,1.942266787
,,,,3.434266876,1.915164039
,,,,3.350696229,1.889474282
,,,,3.256384743,1.867271629
,,,,3.153955333,1.850909362
,,,,3.046352521,1.842481995
,,,,2.937646424,1.843173466
,,,,2.833620033,1.852780726
,,,,2.74180059,1.869691086
,,,,2.670699557,1.891503222
,,,,2.628670773,1.915906348
,,,,2.622882205,1.941187636
,,,,2.658585579,1.965960561
,,,,2.738639476,1.988229345
,,,,2.863070958,2.004357268
,,,,3.028197203,2.009208005
,,,,3.224733812,1.998977885
,,,,3.435553128,1.975925966
,,,,3.639485673,1.949309712
,,,,3.825817914,1.92936894
,,,,4.006975244,1.922317635
,,,,4.221378817,1.931300827
,,,,4.538627206,1.955217458
,,,,5.079301529,1.970438786
,,,,5.898204143,1.949851412
,,,,7.849091266,1.949957012
,,,,7.634912007,1.929995427
,,,,7.537225888,1.903599804
,,,,7.56081684,1.87653271
,,,,7.713072493,1.851602302
,,,,7.994654153,1.839107433
,,,,8.407303021,1.853307868
,,,,9.019583675,1.872840049
,,,,10.87636791,1.869718946
,,,,11.22733622,1.872015718
,,,,12.2956799,1.86065924
,,,,13.15791096,1.876520723
,,,,13.18477021,1.86357307
,,,,13.58543654,1.841596285
,,,,14.92740035,1.845510359
,,,,13.90108297,1.856949367
,,,,12.88848367,1.856925695
,,,,12.61374772,1.874916761
,,,,12.29352491,1.900694787
,,,,12.09429659,1.915185822
,,,,12.04303928,1.919875691
,,,,12.24742363,1.929147005
,,,,13.28225813,1.945186469
,,,,13.43752343,1.91882333
,,,,13.45434972,1.891942738
,,,,13.47367083,1.864843602
,,,,13.4968672,1.837601273
,,,,13.52637554,1.810347621
,,,,13.56661421,1.783364215
,,,,13.6254136,1.75730515
,,,,13.71778592,1.733826496
,,,,13.86160395,1.716890662
,,,,14.0730961,1.713620674
,,,,14.36555086,1.729877722
,,,,14.760052,1.755092434
,,,,14.97962005,1.759909988
,,,,15.22320019,1.753341807
,,,,15.36203789,1.731506882
,,,,15.38746366,1.705932005
,,,,15.23140334,1.682792438
,,,,14.79332182,1.67941367
,,,,13.98743224,1.699340452
,,,,12.00849032,1.691576036
,,,,11.90824994,1.687604515
,,,,11.87357985,1.677976093
,,,,11.91291571,1.668488628
,,,,12.0294296,1.665487096
,,,,12.22995875,1.675490414
,,,,12.56821723,1.699751661
,,,,13.16253664,1.711174787
,,,,14.06182376,1.692839225
,,,,14.85304933,1.712962214
,,,,13.63755699,1.725914576
,,,,10.92001946,1.721802615
,,,,10.98144272,1.726046477
,,,,11.04659089,1.72485524
,,,,11.10902741,1.718216748
,,,,11.15974166,1.706938944
,,,,11.18744883,1.692614359
,,,,11.17992572,1.677484949
,,,,11.12218657,1.664658768
,,,,10.98621418,1.659375423
,,,,10.72070662,1.670117356
,,,,10.26238437,1.695086633
,,,,9.63436489,1.691535615
,,,,8.506810384,1.678863609
,,,,6.752519591,1.690739301
,,,,6.586466029,1.713713475
,,,,6.318243412,1.740019107
,,,,5.912230668,1.749979337
,,,,5.318019245,1.728643782
,,,,4.540249818,1.734624124
,,,,5.799380933,1.743257017
,,,,5.778215376,1.727104517
,,,,5.653614421,1.706436855
,,,,5.430580533,1.680057006
,,,,4.674023311,1.66370158
,,,,4.389978757,1.68648959
,,,,4.715599344,1.712629114
,,,,7.007820117,1.712123106
,,,,9.268039396,1.696888769
,,,,9.322015753,1.675037492
,,,,9.355365347,1.65110537
,,,,9.355814783,1.62646543
,,,,9.311705367,1.602673684
,,,,9.215009853,1.582413743
,,,,9.064681149,1.570579895
,,,,8.863721378,1.573227924
,,,,8.607760205,1.592520811
,,,,8.268668231,1.61818242
,,,,7.769160106,1.621208791
,,,,6.8824679,1.603916729
,,,,8.74566415,1.612855861
,,,,8.743657938,1.632474363
,,,,8.743835354,1.652152033
